{"Validation_Loss": 0.13899755477905273, "_timestamp": 1654313631, "_runtime": 587027, "_step": 135, "Train_Loss": 0.21989908814430237, "ARAP_Loss": 0.04303663223981857, "Regularizer_Loss": 0.07246600091457367, "Geodesic_Loss": 0.10439672321081161}