{"Validation_Loss": 0.3152833878993988, "_timestamp": 1654273249, "_runtime": 593353, "_step": 183, "Train_Loss": 0.3873169422149658, "ARAP_Loss": 0.11238125711679459, "Regularizer_Loss": 0.16180987656116486, "Geodesic_Loss": 0.11312573403120041}