{"Validation_Loss": 0.2618264853954315, "_timestamp": 1654317149, "_runtime": 156086, "_step": 79, "Train_Loss": 0.3780691921710968, "ARAP_Loss": 0.10149680078029633, "Regularizer_Loss": 0.15513840317726135, "Geodesic_Loss": 0.12143409252166748}